"","day","webtoon","writer"
"1","월요  웹툰","참교육","채용택 / 한가람"
"2","월요  웹툰","뷰티풀 군바리","설이 / 윤성원"
"3","월요  웹툰","신의 탑","SIU"
"4","월요  웹툰","파이게임","배진수"
"5","월요  웹툰","소녀의 세계","모랑지"
"6","월요  웹툰","윈드브레이커","조용석"
"7","월요  웹툰","장씨세가 호위무사","조형근 / 김인호"
"8","월요  웹툰","삼매경","이원식 / 꿀찬"
"9","월요  웹툰","만렙돌파","성불예정,홍실 / 미노"
"10","월요  웹툰","황제와의 하룻밤","예영, 차승현(車昇炫) /..."
"11","월요  웹툰","칼가는 소녀","오리"
"12","월요  웹툰","요리GO","HO9"
"13","월요  웹툰","유일무이 로맨스","두부"
"14","월요  웹툰","잔불의 기사","환댕"
"15","월요  웹툰","수영만화일기","해오"
"16","월요  웹툰","야생천사 보호구역","루시드"
"17","월요  웹툰","히어로메이커","빤쓰"
"18","월요  웹툰","오늘의 순정망화","손하기"
"19","월요  웹툰","리턴 투 플레이어","인덱스,엄키 / 세혼"
"20","월요  웹툰","결혼생활 그림일기","은꼼지"
"21","월요  웹툰","앵무살수","김성진"
"22","월요  웹툰","평범한 8반","영파카"
"23","월요  웹툰","기사님을 지켜줘","달봉"
"24","월요  웹툰","사랑의 헌옷수거함","고잉"
"25","월요  웹툰","순정말고 순종","슈안"
"26","월요  웹툰","바이러스X","준 / 하랑"
"27","월요  웹툰","꿈의 기업","문지현"
"28","월요  웹툰","싸이코 리벤지","기송 / 넴가"
"29","월요  웹툰","아는 여자애","허니비"
"30","월요  웹툰","착한건 돈이된다","유성연"
"31","월요  웹툰","브랜든","d몬"
"32","월요  웹툰","살아간다","이행복"
"33","월요  웹툰","선배, 그 립스틱 바르지 ...","까페라떼 / JINHA"
"34","월요  웹툰","왕따협상","아이아리"
"35","월요  웹툰","바로 보지 않는","지민"
"36","월요  웹툰","피플","서승준 / 손창균"
"37","월요  웹툰","침범","공세리 / 영영이"
"38","월요  웹툰","마지막 지수","에리카 / 채나라"
"39","월요  웹툰","사막에 핀 달","선지"
"40","월요  웹툰","중독연구소","김택기"
"41","월요  웹툰","이중첩자","피숙혜,하연 / 옆집찰스"
"42","월요  웹툰","원하는 건 너 하나","달콤J,박성실 / sage"
"43","월요  웹툰","라서드","감람"
"44","월요  웹툰","개밥 먹는 남자","김태순"
"45","월요  웹툰","이탄국의 자청비","김보람, 고을원 / 나넷"
"46","월요  웹툰","뱀파이어의 꽃","카나리아 / 동물"
"47","월요  웹툰","백호랑","박혬"
"48","월요  웹툰","드로잉 레시피","꼬모소이"
"49","월요  웹툰","그림자 신부","이새인 / 덥머"
"50","월요  웹툰","인간의 온도","이재익 / 양세준"
"51","월요  웹툰","하슬라","까를로스 / 유상진"
"52","월요  웹툰","오로지 오로라","홍달"
"53","월요  웹툰","트리거","고경빈"
"54","월요  웹툰","보살님이 캐리해!","성코 / 콩자"
"55","월요  웹툰","헬로맨스","이공주 / 하얀독수리"
"56","월요  웹툰","모락모락 왕세자님","원해"
"57","화요  웹툰","바른연애 길잡이","남수"
"58","화요  웹툰","여신강림","야옹이"
"59","화요  웹툰","엽총소년","김칸비 / 홍필"
"60","화요  웹툰","하루만 네가 되고 싶어","삼"
"61","화요  웹툰","한림체육관","혜성 / 이석재"
"62","화요  웹툰","랜덤채팅의 그녀!","박은혁"
"63","화요  웹툰","사신소년","류"
"64","화요  웹툰","신도림","오세형"
"65","화요  웹툰","몬스터","이은재"
"66","화요  웹툰","삼국지톡","무적핑크 / 이리"
"67","화요  웹툰","호랑이 들어와요","배세혁 / 유은"
"68","화요  웹툰","헬58","장성준"
"69","화요  웹툰","달콤살벌한 부부","플라비 / 장그린"
"70","화요  웹툰","오피스 누나 이야기","김자네 / 와삭바삭"
"71","화요  웹툰","원주민 공포만화","원주민"
"72","화요  웹툰","집이 없어","와난"
"73","화요  웹툰","나는 어디에나 있다","김선권"
"74","화요  웹툰","위아더좀비","이명재"
"75","화요  웹툰","윌유메리미","마인드C"
"76","화요  웹툰","하우스키퍼","채용택 / 유현"
"77","화요  웹툰","오늘의 순정망화","손하기"
"78","화요  웹툰","그녀석 정복기","강은영"
"79","화요  웹툰","견우와 선녀","안수민"
"80","화요  웹툰","플레이, 플리","이에프"
"81","화요  웹툰","용왕님의 셰프가 되었습니다","문백경,옥 / 카라쿨"
"82","화요  웹툰","성인초딩","미티"
"83","화요  웹툰","아이레","설이 / Team 설이"
"84","화요  웹툰","빌런투킬","퓨핀 / 은지"
"85","화요  웹툰","급식러너","슬랭킷"
"86","화요  웹툰","악인","광탄토 / 마두르"
"87","화요  웹툰","프린스 메이커","수오수"
"88","화요  웹툰","3cm 헌터","돌연변이"
"89","화요  웹툰","아이즈","정썸머"
"90","화요  웹툰","빅맨","하하영"
"91","화요  웹툰","니나의 마법서랍","랑또"
"92","화요  웹툰","올가미","해무리"
"93","화요  웹툰","찐:종합게임동아리","소장"
"94","화요  웹툰","은주의 방 2~3부","노란구미"
"95","화요  웹툰","제로게임","즐바센"
"96","화요  웹툰","대신 심부름을 해다오","고아라"
"97","화요  웹툰","나타나주세요!","김기현"
"98","화요  웹툰","숲속의 담","다홍"
"99","화요  웹툰","별종","이무기"
"100","화요  웹툰","연우의 순정","이솔"
"101","화요  웹툰","열녀박씨 계약결혼뎐","김너울, 안젤리크 / 닷다"
"102","화요  웹툰","오파츠","성진 / 부겸"
"103","화요  웹툰","하나in세인","석한"
"104","화요  웹툰","태시트","김다찌"
"105","화요  웹툰","자판귀","윤정민"
"106","화요  웹툰","조선홍보대행사 조대박","김양수"
"107","화요  웹툰","빛빛빛","수진"
"108","화요  웹툰","완벽한 가족","냥빠 / 주은"
"109","화요  웹툰","안식의 밤","연제원"
"110","화요  웹툰","언메이크","박화랑"
"111","화요  웹툰","나의 플랏메이트","산삼"
"112","화요  웹툰","도를 아십니까","이건 / 요엘"
"113","화요  웹툰","풋내기들","신여름"
"114","화요  웹툰","피로만땅","샤니"
"115","화요  웹툰","인문학적 감수성","교날 / 번암"
"116","수요  웹툰","헬퍼 2 : 킬베로스","삭"
"117","수요  웹툰","복학왕","기안84"
"118","수요  웹툰","전지적 독자 시점","UMI / 슬리피-C"
"119","수요  웹툰","모죠의 일지","모죠"
"120","수요  웹툰","급식아빠","김재한"
"121","수요  웹툰","튜토리얼 탑의 고인물","방구석김씨 / 루비"
"122","수요  웹툰","격기3반","이학"
"123","수요  웹툰","캐슬","정연"
"124","수요  웹툰","세상은 돈과 권력","한동우 / 이도희"
"125","수요  웹툰","화산귀환","비가 / LICO"
"126","수요  웹툰","노곤하개","홍끼"
"127","수요  웹툰","남주의 첫날밤을 가져버렸다","황도톨,티바 / MSG"
"128","수요  웹툰","하렘의 남자들","알파타르트,히어리 / 영빈"
"129","수요  웹툰","일렉시드","손제호 / 제나"
"130","수요  웹툰","연놈","상하"
"131","수요  웹툰","나쁜사람","둠스"
"132","수요  웹툰","엔딩 후 서브남을 주웠다","황도톨,정서 / 정서"
"133","수요  웹툰","닥터앤닥터 육아일기","닥터베르"
"134","수요  웹툰","고삼무쌍","B급달궁 / 하마"
"135","수요  웹툰","원수를 사랑하라","정윤 / 태건"
"136","수요  웹툰","빌드업","911"
"137","수요  웹툰","판타지 여동생!","유누"
"138","수요  웹툰","오징어도 사랑이 되나요?","젤리피쉬 / 문댄스"
"139","수요  웹툰","여주실격!","기맹기"
"140","수요  웹툰","마른 가지에 바람처럼","달새울 / 화음"
"141","수요  웹툰","귀곡의 문","삼촌"
"142","수요  웹툰","각자의 디데이","오묘"
"143","수요  웹툰","언덕 위의 제임스","쿠당탕"
"144","수요  웹툰","방탈출","십박"
"145","수요  웹툰","마녀와 용의 신혼일기","바리달, 뉴릉이 / 디망"
"146","수요  웹툰","수요웹툰의 나강림","이경민 / 송준혁"
"147","수요  웹툰","사상최강","황규영 / 이단아"
"148","수요  웹툰","아도나이","주동근"
"149","수요  웹툰","로어 올림푸스","레이첼 스마이스"
"150","수요  웹툰","이츠마인","럭스"
"151","수요  웹툰","더 트웰브","공현곤"
"152","수요  웹툰","새벽 두 시의 신데렐라","산차"
"153","수요  웹툰","럭키언럭키","가천가"
"154","수요  웹툰","반귀","세정"
"155","수요  웹툰","범이올시다!","해"
"156","수요  웹툰","얼굴천재","지에이"
"157","수요  웹툰","칼부림","고일권"
"158","수요  웹툰","웰컴 온보드","다니"
"159","수요  웹툰","당신의 향수","호우"
"160","수요  웹툰","말하는대로","무브"
"161","수요  웹툰","속보입니다","밀카 / Z6"
"162","수요  웹툰","내 룸메이트는 마네킹","서이"
"163","수요  웹툰","뱀은 꽃을 먹는가","소나음"
"164","수요  웹툰","인터셉트","임주이"
"165","수요  웹툰","신선비","이서현"
"166","수요  웹툰","해귀","알파A"
"167","수요  웹툰","스캔들","달콤J,티바 / 도그"
"168","수요  웹툰","기억흔적","브라보 장"
"169","수요  웹툰","천도","진작"
"170","수요  웹툰","노선도","효기"
"171","수요  웹툰","스몰","을승"
"172","수요  웹툰","수상한 비밀상담부","149"
"173","수요  웹툰","저승사자 출입금지","심웅섭"
"174","수요  웹툰","시효완성","삼바, 미스터리 / 담"
"175","목요  웹툰","독립일기","자까"
"176","목요  웹툰","더 복서","정지훈"
"177","목요  웹툰","연애혁명","232"
"178","목요  웹툰","기기괴괴","오성대"
"179","목요  웹툰","이두나!","민송아"
"180","목요  웹툰","나노마신","현절무 / 금강불괴"
"181","목요  웹툰","노답소녀","석우"
"182","목요  웹툰","화이트 블러드","임리나"
"183","목요  웹툰","정글쥬스","형은 / 쥬더"
"184","목요  웹툰","겟백","세윤"
"185","목요  웹툰","하드캐리","조양"
"186","목요  웹툰","무사만리행","운 / 배민기"
"187","목요  웹툰","흑막 여주가 날 새엄마로 ...","목감기 / 하리힌"
"188","목요  웹툰","당신의 과녁","고태호"
"189","목요  웹툰","던전 씹어먹는 아티팩트","제로워터, 엄키 / 엄키"
"190","목요  웹툰","수영만화일기","해오"
"191","목요  웹툰","꽃만 키우는데 너무강함","쿰타타 / 주현후"
"192","목요  웹툰","신비","반지"
"193","목요  웹툰","트롤트랩","유비"
"194","목요  웹툰","오늘의 순정망화","손하기"
"195","목요  웹툰","쿠베라","카레곰"
"196","목요  웹툰","선의의 경쟁","송채윤 / 심재영"
"197","목요  웹툰","최강전설 강해효","최병열"
"198","목요  웹툰","혼모노트","민수상"
"199","목요  웹툰","온실 속 화초","옛사람"
"200","목요  웹툰","소년의 기록","베어리"
"201","목요  웹툰","그 개, 만두","호정"
"202","목요  웹툰","시월드 판타지","진돌 / 히디"
"203","목요  웹툰","마계인섬","초"
"204","목요  웹툰","만물의 영장","보민"
"205","목요  웹툰","불편한 관계","잔스"
"206","목요  웹툰","별을 삼킨 너에게","ARI"
"207","목요  웹툰","자취방 신선들","마로 / 강재건"
"208","목요  웹툰","그 황제가 시곗바늘을 되돌...","화영 / 용끄"
"209","목요  웹툰","롤랑롤랑","자유"
"210","목요  웹툰","집사레인저","현실안주형"
"211","목요  웹툰","야만의 시대","신의철 / 장대현"
"212","목요  웹툰","달의 요람","이정선"
"213","목요  웹툰","로그아웃","임목원"
"214","목요  웹툰","성스러운 아이돌","스튜디오M / 악사"
"215","목요  웹툰","멸망X초이스","텐"
"216","목요  웹툰","안개무덤","김태영"
"217","목요  웹툰","어차피 남편은!","찡나"
"218","목요  웹툰","겟라이프","MOOHAK"
"219","목요  웹툰","모어 라이프","이아영"
"220","목요  웹툰","루커피쳐","효정"
"221","목요  웹툰","셈하는 사이","면지"
"222","목요  웹툰","소녀180","나우원 / 델라"
"223","목요  웹툰","유리와 유리와 유리","요엔"
"224","목요  웹툰","불릿 6미리","김도근"
"225","목요  웹툰","미드나잇 체이서","석재윤"
"226","목요  웹툰","카루나","강호진"
"227","목요  웹툰","밤하늘에 구름운","견지 / 그리온"
"228","목요  웹툰","보물과 괴물의 도시","이을"
"229","목요  웹툰","바른탕진 프로젝트","점삼"
"230","목요  웹툰","헬프미","철준"
"231","목요  웹툰","평범한 낙원","후드새"
"232","금요  웹툰","외모지상주의","박태준"
"233","금요  웹툰","갓 오브 하이스쿨","박용제"
"234","금요  웹툰","데드퀸","김규삼"
"235","금요  웹툰","재혼 황후","알파타르트,히어리 / 숨풀"
"236","금요  웹툰","1초","시니 / 광운"
"237","금요  웹툰","개를 낳았다","이선"
"238","금요  웹툰","성경의 역사","최경민 / 영모"
"239","금요  웹툰","여성전용헬스장 진달래짐","유기"
"240","금요  웹툰","삼국지톡","무적핑크 / 이리"
"241","금요  웹툰","낙향문사전","바킹독 / 고기산적"
"242","금요  웹툰","그들이 사귀는 세상","율로"
"243","금요  웹툰","더 게이머","성상영 / 상아"
"244","금요  웹툰","엽사:요괴사냥꾼","삼박"
"245","금요  웹툰","세기말 풋사과 보습학원","순끼"
"246","금요  웹툰","살人스타그램","령"
"247","금요  웹툰","뫼신 사냥꾼","윤현승 / 방승현"
"248","금요  웹툰","걸어서 30분","이온도"
"249","금요  웹툰","주님, 악마가 되게 해주세...","불사 / 용가리"
"250","금요  웹툰","히어로 킬러","꿀벌 / 벌꿀"
"251","금요  웹툰","플레이어","박종석 / 오현준"
"252","금요  웹툰","로판 빙의 만화","싱난다"
"253","금요  웹툰","환상의 용","꼬마비"
"254","금요  웹툰","상남자","도가도"
"255","금요  웹툰","난약","정현주 / 박진환"
"256","금요  웹툰","복학생 정순이","한짜장"
"257","금요  웹툰","구남친이 내게 반했다","강하다 / 희똑"
"258","금요  웹툰","고래별","나윤희"
"259","금요  웹툰","스포","이강"
"260","금요  웹툰","그 기사가 레이디로 사는 법","성혜림 / Ink."
"261","금요  웹툰","아찔한 전남편","별규, 기뭉 / 여백"
"262","금요  웹툰","금혼령-조선혼인금지령","천지혜 / 산책"
"263","금요  웹툰","거래","우남20"
"264","금요  웹툰","가슴털 로망스","갸오오"
"265","금요  웹툰","악몽일기","육공"
"266","금요  웹툰","태권보이","김우준"
"267","금요  웹툰","A.I. 닥터","한산이가, ZAINO / ..."
"268","금요  웹툰","감자마을","박지독"
"269","금요  웹툰","사람의 조각","신의철 / 천범식"
"270","금요  웹툰","찬란하지 않아도 괜찮아, ...","까마중"
"271","금요  웹툰","닥터 프로스트 시즌 3~4","이종범"
"272","금요  웹툰","피와 나비","레민"
"273","금요  웹툰","후덜덜덜 남극전자","김민혁"
"274","금요  웹툰","썸내일","봉수"
"275","금요  웹툰","나쁜 쪽으로","오은 / 이세릴"
"276","금요  웹툰","빨리감기","포르토 / 홍준기"
"277","금요  웹툰","방과후 선녀","이윤후"
"278","금요  웹툰","너의 미소가 함정","앵고"
"279","금요  웹툰","도무지 그애는","게코"
"280","금요  웹툰","몽홀","장태산"
"281","금요  웹툰","감히","희나리"
"282","금요  웹툰","구독금지","김이연"
"283","금요  웹툰","백년게임","하람 / 지야"
"284","금요  웹툰","버그: 스티그마","해마 / 송지형"
"285","금요  웹툰","꽃 피우는 남자","양하"
"286","금요  웹툰","트럼프","이채은"
"287","금요  웹툰","진짜 정말 맹세코 좋아해","개차반 / 잠괴물"
"288","금요  웹툰","구주의 시간","송극장"
"289","금요  웹툰","강림전기 개정기","철무장미 / 장군"
"290","금요  웹툰","히트포인트","민형 / 여강현"
"291","금요  웹툰","매지컬 메디컬","지공"
"292","토요  웹툰","호랑이형님","이상규"
"293","토요  웹툰","프리드로우","전선욱"
"294","토요  웹툰","모죠의 일지","모죠"
"295","토요  웹툰","취사병 전설이 되다","제이로빈 / 이진수"
"296","토요  웹툰","광장","오세형 / 김균태"
"297","토요  웹툰","욕망일기","김주인 / 박태준 만화회사"
"298","토요  웹툰","노곤하개","홍끼"
"299","토요  웹툰","힙한남자","혜니"
"300","토요  웹툰","민간인 통제구역","OSIK"
"301","토요  웹툰","청춘 블라썸","홍덕 / NEMONE"
"302","토요  웹툰","토끼대왕","김숭늉"
"303","토요  웹툰","아홉수 우리들","수박양"
"304","토요  웹툰","윌유메리미","마인드C"
"305","토요  웹툰","나이트런","김성민"
"306","토요  웹툰","좀비 파이트","이저녁"
"307","토요  웹툰","나를 바꿔줘","이지호 / 호띠"
"308","토요  웹툰","어글리후드","미애"
"309","토요  웹툰","지옥급식","둘기마요"
"310","토요  웹툰","반드시 해피엔딩","플아다, 불사 / 재림"
"311","토요  웹툰","갓핑크","이상신 / 국중록"
"312","토요  웹툰","동트는 로맨스","유월"
"313","토요  웹툰","피라미드 게임","달꼬냑"
"314","토요  웹툰","중매쟁이 아가 황녀님","지미신,박카린 / 박카린"
"315","토요  웹툰","두번째 생일","스프링"
"316","토요  웹툰","2-3승강장","김민찰스"
"317","토요  웹툰","공유몽","주신 / 유령선"
"318","토요  웹툰","왕년엔 용사님","고샤 / 솔렘"
"319","토요  웹툰","키스 식스 센스","갓녀 / 조코봉"
"320","토요  웹툰","니나의 마법서랍","랑또"
"321","토요  웹툰","단편.zip","웹툰작가"
"322","토요  웹툰","먹이","외눈박이 / 박수봉"
"323","토요  웹툰","남자주인공의 여자사람친구입...","류희온 / 카콘"
"324","토요  웹툰","더 나우","이니"
"325","토요  웹툰","광해의 연인","유오디아 / 러시"
"326","토요  웹툰","웰캄투실버라이프","솔녀"
"327","토요  웹툰","내게 필요한 NO맨스","마그네슘"
"328","토요  웹툰","태백 : 튜토리얼 맨","이난 / 백세"
"329","토요  웹툰","군주","박산하"
"330","토요  웹툰","홍시는 날 좋아해!","강하다 / 웃는해"
"331","토요  웹툰","왕세자 입학도","무번"
"332","토요  웹툰","율리","돌배"
"333","토요  웹툰","아가사","이다인"
"334","토요  웹툰","저무는 해, 시린 눈","MURO"
"335","토요  웹툰","꼬리 있는 연애","진하 / 헤폰"
"336","토요  웹툰","동네몬스터","이현민 / 이세형"
"337","토요  웹툰","압락사스","247"
"338","토요  웹툰","팔려 온 신부","지기, 시크크 / 지기"
"339","토요  웹툰","좋은데 어떡해","여은"
"340","토요  웹툰","모두 너였다","이순기, 이재익 / 오정호"
"341","토요  웹툰","오늘부터 천생연분","노승아 / 달노도"
"342","토요  웹툰","후아유!","이범 / 이도윤"
"343","토요  웹툰","도사 가온","김상민"
"344","토요  웹툰","손 잡아 볼래?","예타쿠"
"345","토요  웹툰","안녕, 이바다씨","문나영"
"346","토요  웹툰","아침을 지나 밤으로","손지은"
"347","토요  웹툰","아테나 컴플렉스","케이사르"
"348","토요  웹툰","언플래시레슨","현"
"349","토요  웹툰","친구의 비밀계정","남방과일차 / 오제이"
"350","토요  웹툰","인간졸업","진자 / 정생"
"351","토요  웹툰","누군가의 로섬","방농구"
"352","토요  웹툰","함부로 대해줘","선우"
"353","토요  웹툰","어른의 계절","선홍달"
"354","일요  웹툰","독립일기","자까"
"355","일요  웹툰","싸움독학","박태준 / 김정현"
"356","일요  웹툰","약한영웅","서패스 / 김진석"
"357","일요  웹툰","이번 생도 잘 부탁해","이혜"
"358","일요  웹툰","열렙전사","김세훈"
"359","일요  웹툰","입학용병","YC / 락현"
"360","일요  웹툰","맘마미안","미티 / 구구"
"361","일요  웹툰","소녀재판","루즌아 / 보로콤"
"362","일요  웹툰","테러대부활","한동우 / 고진호"
"363","일요  웹툰","닥터앤닥터 육아일기","닥터베르"
"364","일요  웹툰","곱게 키웠더니, 짐승","이른꽃,티바 / 여슬기"
"365","일요  웹툰","천하제일인","권순규 / 신권이"
"366","일요  웹툰","오로지 너를 이기고 싶어","아마도지 / 사삭"
"367","일요  웹툰","나만 보여!","LICO"
"368","일요  웹툰","동생친구","님니"
"369","일요  웹툰","살아남은 로맨스","이연"
"370","일요  웹툰","내일","라마"
"371","일요  웹툰","행성인간","조석"
"372","일요  웹툰","마법스크롤 상인 지오","엄재경 / 호패"
"373","일요  웹툰","합격시켜주세용","이온"
"374","일요  웹툰","구름이 피워낸 꽃","비온후"
"375","일요  웹툰","별이삼샵","혀노"
"376","일요  웹툰","다이스(DICE)","윤현석"
"377","일요  웹툰","AI가 세상을 지배한다면","POGO / HOOPA"
"378","일요  웹툰","로어 올림푸스","레이첼 스마이스"
"379","일요  웹툰","판사 이한영","문성호 / 전돌돌"
"380","일요  웹툰","벚꽃이 흩날릴 무렵","황양"
"381","일요  웹툰","강남도깨비","이경민 / 송준혁"
"382","일요  웹툰","가비지타임","2사장"
"383","일요  웹툰","사람은 고쳐 쓰는 게 아니...","염라 / 구일하"
"384","일요  웹툰","학교정벌","나락 / 지앤"
"385","일요  웹툰","푸른불꽃","닺"
"386","일요  웹툰","호수의 인어","박새"
"387","일요  웹툰","굿 리스너","쥬드프라이데이"
"388","일요  웹툰","가짜인간","0환이 / 반얀"
"389","일요  웹툰","라일락 200%","아니영"
"390","일요  웹툰","평행도시","고다"
"391","일요  웹툰","아르세니아의 마법사","박성호 / SAYM"
"392","일요  웹툰","결혼까지 망상했어!","문주"
"393","일요  웹툰","데빌샷","CTK"
"394","일요  웹툰","오른눈이 보는 세계","코어"
"395","일요  웹툰","두근두근 연극부","김태경"
"396","일요  웹툰","잉여특공대","물꾹 / 찰떡"
"397","일요  웹툰","조선여우스캔들","문종호, 차소희 / 정후"
"398","일요  웹툰","오늘 밤만 재워줘","해번 / 유나나"
"399","일요  웹툰","라커, 오프너","만취 / 바른꽃"
"400","일요  웹툰","소녀 해미","이현우"
"401","일요  웹툰","위험한 신입사원","박수정 / Jiya"
"402","일요  웹툰","마도","이밤"
"403","일요  웹툰","데이즈","양수"
"404","일요  웹툰","죽여주는 탐정님","뻥 / 조은"
"405","일요  웹툰","신이 담긴 아이","건치 / 호진"
"406","일요  웹툰","샤인 스타","김현"
"407","일요  웹툰","스트러글","윤준식 / 백지운"
"408","일요  웹툰","호시탐탐","박현정"
