"","webtoon","update"
"1","참교육","2021.05.16 23:05"
"2","뷰티풀 군바리","2021.05.16 23:07"
"3","신의 탑","2021.05.16 22:30"
"4","파이게임","2021.05.16 23:02"
"5","소녀의 세계","2021.05.16 23:09"
"6","윈드브레이커","2021.05.16 23:07"
"7","장씨세가 호위무사","2021.05.16 23:04"
"8","삼매경","2021.05.16 23:02"
"9","만렙돌파","2021.05.16 23:02"
"10","황제와의 하룻밤","2021.05.16 23:04"
"11","칼가는 소녀","2021.05.16 23:06"
"12","요리GO","2021.05.16 23:09"
"13","유일무이 로맨스","2021.05.16 23:08"
"14","잔불의 기사","2021.05.16 23:04"
"15","수영만화일기","2021.05.19 23:10"
"16","야생천사 보호구역","2021.05.16 23:07"
"17","히어로메이커","2021.05.16 23:11"
"18","오늘의 순정망화","2021.05.19 23:11"
"19","리턴 투 플레이어","2021.05.16 23:06"
"20","결혼생활 그림일기","2021.05.16 23:01"
"21","앵무살수","2021.05.16 22:30"
"22","평범한 8반","2021.05.16 23:06"
"23","기사님을 지켜줘","2021.05.16 23:06"
"24","사랑의 헌옷수거함","2021.05.16 23:10"
"25","순정말고 순종","2021.05.16 23:01"
"26","바이러스X","2021.05.16 23:07"
"27","꿈의 기업","2021.05.16 23:10"
"28","싸이코 리벤지","2021.05.02 23:10"
"29","아는 여자애","2021.05.16 23:01"
"30","착한건 돈이된다","2021.05.16 23:09"
"31","브랜든","2021.05.16 23:05"
"32","살아간다","2021.05.16 23:01"
"33","선배, 그 립스틱 바르지 ...","2021.05.16 23:08"
"34","왕따협상","2021.05.16 23:04"
"35","바로 보지 않는","2021.05.16 22:00"
"36","피플","2021.05.16 23:10"
"37","침범","2021.05.16 23:02"
"38","마지막 지수","2021.05.16 23:03"
"39","사막에 핀 달","2021.05.16 23:09"
"40","중독연구소","2021.05.16 23:02"
"41","이중첩자","2021.05.16 23:03"
"42","원하는 건 너 하나","2021.05.16 23:04"
"43","라서드","2021.05.16 23:08"
"44","개밥 먹는 남자","2021.05.16 23:01"
"45","이탄국의 자청비","2021.05.16 23:07"
"46","뱀파이어의 꽃","2021.05.16 23:06"
"47","백호랑","2021.05.16 23:08"
"48","드로잉 레시피","2021.05.16 23:03"
"49","그림자 신부","2021.05.16 23:03"
"50","인간의 온도","2021.05.16 23:05"
"51","하슬라","2021.05.16 23:09"
"52","오로지 오로라","2021.05.16 23:05"
"53","트리거","2021.05.16 23:08"
"54","보살님이 캐리해!","2021.05.16 23:05"
"55","헬로맨스","2021.05.16 23:03"
"56","모락모락 왕세자님","2021.05.16 22:30"
"57","바른연애 길잡이","2021.05.17 23:11"
"58","여신강림","2021.05.17 23:09"
"59","엽총소년","2021.05.17 23:07"
"60","하루만 네가 되고 싶어","2021.05.17 23:06"
"61","한림체육관","2021.05.17 23:03"
"62","랜덤채팅의 그녀!","2021.05.17 23:30"
"63","사신소년","2021.05.17 23:11"
"64","신도림","2021.05.17 23:08"
"65","몬스터","2021.05.17 23:08"
"66","삼국지톡","2021.05.17 23:12"
"67","호랑이 들어와요","2021.05.17 23:07"
"68","헬58","2021.05.17 23:01"
"69","달콤살벌한 부부","2021.05.17 23:06"
"70","오피스 누나 이야기","2021.05.17 23:05"
"71","원주민 공포만화","2021.05.17 23:08"
"72","집이 없어","2021.05.17 23:03"
"73","나는 어디에나 있다","2021.05.17 23:11"
"74","위아더좀비","2021.05.17 23:07"
"75","윌유메리미","2021.05.17 23:11"
"76","하우스키퍼","2021.05.17 23:03"
"77","오늘의 순정망화","2021.05.19 23:11"
"78","그녀석 정복기","2021.05.17 23:06"
"79","견우와 선녀","2021.05.17 23:05"
"80","플레이, 플리","2021.05.17 23:04"
"81","용왕님의 셰프가 되었습니다","2021.05.17 23:01"
"82","성인초딩","2021.05.17 23:02"
"83","아이레","2021.05.17 23:00"
"84","빌런투킬","2021.05.17 23:04"
"85","급식러너","2021.05.17 23:02"
"86","악인","2021.05.17 23:06"
"87","프린스 메이커","2021.05.17 23:11"
"88","3cm 헌터","2021.05.17 23:04"
"89","아이즈","2021.05.17 23:09"
"90","빅맨","2021.05.17 23:09"
"91","니나의 마법서랍","2021.05.17 22:00"
"92","올가미","2021.05.17 23:10"
"93","찐:종합게임동아리","2021.05.17 23:07"
"94","은주의 방 2~3부","2021.05.17 23:07"
"95","제로게임","2021.05.17 23:10"
"96","대신 심부름을 해다오","2021.05.17 23:03"
"97","나타나주세요!","2021.05.17 23:03"
"98","숲속의 담","2021.05.17 23:01"
"99","별종","2021.05.17 23:08"
"100","연우의 순정","2021.05.17 23:02"
"101","열녀박씨 계약결혼뎐","2021.05.17 23:05"
"102","오파츠","2021.05.17 23:05"
"103","하나in세인","2021.05.17 23:04"
"104","태시트","2021.05.17 23:09"
"105","자판귀","2021.05.17 23:10"
"106","조선홍보대행사 조대박","2021.05.17 23:01"
"107","빛빛빛","2021.05.17 23:09"
"108","완벽한 가족","2021.05.17 23:05"
"109","안식의 밤","2021.05.17 23:10"
"110","언메이크","2021.05.17 23:02"
"111","나의 플랏메이트","2021.05.17 23:06"
"112","도를 아십니까","2021.05.17 23:08"
"113","풋내기들","2021.05.17 23:01"
"114","피로만땅","2021.05.17 23:02"
"115","인문학적 감수성","2021.05.17 23:04"
"116","헬퍼 2 : 킬베로스","2021.05.18 23:07"
"117","복학왕","2021.05.18 23:11"
"118","전지적 독자 시점","2021.05.11 23:05"
"119","모죠의 일지","2021.05.18 23:11"
"120","급식아빠","2021.05.18 23:04"
"121","튜토리얼 탑의 고인물","2021.05.18 23:02"
"122","격기3반","2021.05.18 23:11"
"123","캐슬","2021.05.18 23:09"
"124","세상은 돈과 권력","2021.05.18 23:02"
"125","화산귀환","2021.05.18 23:05"
"126","노곤하개","2021.05.18 23:01"
"127","남주의 첫날밤을 가져버렸다","2021.05.18 23:01"
"128","하렘의 남자들","2021.05.18 23:03"
"129","일렉시드","2021.05.18 23:10"
"130","연놈","2021.05.18 23:06"
"131","나쁜사람","2021.05.18 23:08"
"132","엔딩 후 서브남을 주웠다","2021.05.18 23:03"
"133","닥터앤닥터 육아일기","2021.05.18 23:07"
"134","고삼무쌍","2021.05.18 23:09"
"135","원수를 사랑하라","2021.05.18 23:07"
"136","빌드업","2021.05.18 23:05"
"137","판타지 여동생!","2021.05.18 23:10"
"138","오징어도 사랑이 되나요?","2021.05.18 23:06"
"139","여주실격!","2021.04.27 23:11"
"140","마른 가지에 바람처럼","2021.05.18 23:03"
"141","귀곡의 문","2021.05.18 23:10"
"142","각자의 디데이","2021.05.18 23:10"
"143","언덕 위의 제임스","2021.05.18 23:08"
"144","방탈출","2021.05.18 23:07"
"145","마녀와 용의 신혼일기","2021.05.18 23:04"
"146","수요웹툰의 나강림","2021.05.18 23:11"
"147","사상최강","2021.05.18 23:06"
"148","아도나이","2021.05.18 23:10"
"149","로어 올림푸스","2021.05.18 23:01"
"150","이츠마인","2021.05.18 23:12"
"151","더 트웰브","2021.05.18 23:09"
"152","새벽 두 시의 신데렐라","2021.05.18 23:02"
"153","럭키언럭키","2021.05.18 23:02"
"154","반귀","2021.05.18 23:05"
"155","범이올시다!","2021.05.18 23:08"
"156","얼굴천재","2021.05.18 23:06"
"157","칼부림","2021.05.18 23:01"
"158","웰컴 온보드","2021.05.18 23:05"
"159","당신의 향수","2021.05.18 23:09"
"160","말하는대로","2021.05.18 23:07"
"161","속보입니다","2021.05.18 23:03"
"162","내 룸메이트는 마네킹","2021.05.18 23:01"
"163","뱀은 꽃을 먹는가","2021.05.18 23:06"
"164","인터셉트","2021.05.18 23:03"
"165","신선비","2021.05.18 23:08"
"166","해귀","2021.05.18 23:02"
"167","스캔들","2021.05.18 23:04"
"168","기억흔적","2021.05.18 23:11"
"169","천도","2021.05.18 23:08"
"170","노선도","2021.05.18 23:04"
"171","스몰","2021.05.18 23:09"
"172","수상한 비밀상담부","2021.05.18 23:05"
"173","저승사자 출입금지","2021.05.18 23:12"
"174","시효완성","2021.05.18 23:04"
"175","독립일기","2021.05.19 23:11"
"176","더 복서","2021.05.19 23:01"
"177","연애혁명","2021.05.19 23:09"
"178","기기괴괴","2021.05.19 23:07"
"179","이두나!","2021.05.19 23:09"
"180","나노마신","2021.05.19 23:04"
"181","노답소녀","2021.05.19 23:02"
"182","화이트 블러드","2021.05.19 23:08"
"183","정글쥬스","2021.05.19 23:03"
"184","겟백","2021.05.19 23:02"
"185","하드캐리","2021.05.19 23:09"
"186","무사만리행","2021.05.19 23:03"
"187","흑막 여주가 날 새엄마로 ...","2021.05.19 23:02"
"188","당신의 과녁","2021.05.19 23:08"
"189","던전 씹어먹는 아티팩트","2021.05.19 23:06"
"190","수영만화일기","2021.05.19 23:10"
"191","꽃만 키우는데 너무강함","2021.05.19 23:02"
"192","신비","2021.05.19 23:11"
"193","트롤트랩","2021.05.12 23:06"
"194","오늘의 순정망화","2021.05.19 23:11"
"195","쿠베라","2021.05.19 23:09"
"196","선의의 경쟁","2021.05.19 23:04"
"197","최강전설 강해효","2021.05.19 23:08"
"198","혼모노트","2021.05.19 23:01"
"199","온실 속 화초","2021.05.19 23:10"
"200","소년의 기록","2021.05.19 23:11"
"201","그 개, 만두","2021.05.19 23:01"
"202","시월드 판타지","2021.05.19 23:03"
"203","마계인섬","2021.05.19 23:01"
"204","만물의 영장","2021.05.19 23:06"
"205","불편한 관계","2021.05.19 23:05"
"206","별을 삼킨 너에게","2021.05.19 23:04"
"207","자취방 신선들","2021.05.19 23:05"
"208","그 황제가 시곗바늘을 되돌...","2021.05.19 23:05"
"209","롤랑롤랑","2021.05.19 23:08"
"210","집사레인저","2021.05.19 23:07"
"211","야만의 시대","2021.05.19 23:06"
"212","달의 요람","2021.05.19 23:04"
"213","로그아웃","2021.05.19 23:03"
"214","성스러운 아이돌","2021.05.19 23:02"
"215","멸망X초이스","2021.05.19 23:11"
"216","안개무덤","2021.05.19 23:10"
"217","어차피 남편은!","2021.05.19 23:06"
"218","겟라이프","2021.05.19 23:07"
"219","모어 라이프","2021.05.19 23:10"
"220","루커피쳐","2021.05.19 23:04"
"221","셈하는 사이","2021.05.19 23:10"
"222","소녀180","2021.05.19 23:08"
"223","유리와 유리와 유리","2021.05.19 23:01"
"224","불릿 6미리","2021.05.19 23:03"
"225","미드나잇 체이서","2021.05.19 23:07"
"226","카루나","2021.05.19 23:05"
"227","밤하늘에 구름운","2021.05.19 23:09"
"228","보물과 괴물의 도시","2021.05.19 23:05"
"229","바른탕진 프로젝트","2021.05.19 23:06"
"230","헬프미","2021.05.19 23:07"
"231","평범한 낙원","2021.05.19 22:00"
"232","외모지상주의","2021.05.13 23:05"
"233","갓 오브 하이스쿨","2021.05.13 23:08"
"234","데드퀸","2021.05.13 23:09"
"235","재혼 황후","2021.05.13 23:07"
"236","1초","2021.05.13 23:02"
"237","개를 낳았다","2021.05.13 23:06"
"238","성경의 역사","2021.05.13 23:03"
"239","여성전용헬스장 진달래짐","2021.05.13 23:08"
"240","삼국지톡","2021.05.17 23:12"
"241","낙향문사전","2021.05.13 23:02"
"242","그들이 사귀는 세상","2021.05.13 23:06"
"243","더 게이머","2021.05.13 23:11"
"244","엽사:요괴사냥꾼","2021.05.13 23:01"
"245","세기말 풋사과 보습학원","2021.05.13 23:09"
"246","살人스타그램","2021.05.13 23:09"
"247","뫼신 사냥꾼","2021.05.13 23:10"
"248","걸어서 30분","2021.05.13 23:10"
"249","주님, 악마가 되게 해주세...","2021.05.13 23:01"
"250","히어로 킬러","2021.05.13 23:04"
"251","플레이어","2021.05.13 23:12"
"252","로판 빙의 만화","2021.05.13 23:12"
"253","환상의 용","2021.05.13 23:06"
"254","상남자","2021.05.13 23:07"
"255","난약","2021.05.13 23:09"
"256","복학생 정순이","2021.05.13 23:11"
"257","구남친이 내게 반했다","2021.05.13 23:05"
"258","고래별","2021.05.13 23:10"
"259","스포","2021.05.06 23:03"
"260","그 기사가 레이디로 사는 법","2021.05.13 23:05"
"261","아찔한 전남편","2021.05.13 23:06"
"262","금혼령-조선혼인금지령","2021.05.13 23:03"
"263","거래","2021.05.13 23:06"
"264","가슴털 로망스","2021.05.13 23:09"
"265","악몽일기","2021.05.13 23:02"
"266","태권보이","2021.05.13 23:10"
"267","A.I. 닥터","2021.05.13 23:04"
"268","감자마을","2021.05.13 23:07"
"269","사람의 조각","2021.05.13 23:01"
"270","찬란하지 않아도 괜찮아, ...","2021.05.13 23:08"
"271","닥터 프로스트 시즌 3~4","2021.05.13 23:08"
"272","피와 나비","2021.05.13 23:07"
"273","후덜덜덜 남극전자","2021.05.13 23:10"
"274","썸내일","2021.05.13 23:08"
"275","나쁜 쪽으로","2021.05.06 23:12"
"276","빨리감기","2021.05.13 23:03"
"277","방과후 선녀","2021.05.13 23:03"
"278","너의 미소가 함정","2021.05.13 23:11"
"279","도무지 그애는","2021.05.13 23:01"
"280","몽홀","2021.05.13 23:12"
"281","감히","2021.05.13 23:05"
"282","구독금지","2021.05.13 23:03"
"283","백년게임","2021.05.13 23:02"
"284","버그: 스티그마","2021.05.13 23:04"
"285","꽃 피우는 남자","2021.05.13 23:07"
"286","트럼프","2021.05.13 23:05"
"287","진짜 정말 맹세코 좋아해","2021.05.13 23:01"
"288","구주의 시간","2021.05.13 23:11"
"289","강림전기 개정기","2021.05.13 23:02"
"290","히트포인트","2021.05.13 23:04"
"291","매지컬 메디컬","2021.05.13 23:04"
"292","호랑이형님","2021.05.14 23:10"
"293","프리드로우","2021.05.14 23:08"
"294","모죠의 일지","2021.05.18 23:11"
"295","취사병 전설이 되다","2021.05.14 23:03"
"296","광장","2021.05.14 23:04"
"297","욕망일기","2021.05.14 23:08"
"298","노곤하개","2021.05.18 23:01"
"299","힙한남자","2021.05.14 23:06"
"300","민간인 통제구역","2021.05.14 23:12"
"301","청춘 블라썸","2021.05.14 23:04"
"302","토끼대왕","2021.05.14 23:10"
"303","아홉수 우리들","2021.05.14 23:09"
"304","윌유메리미","2021.05.17 23:11"
"305","나이트런","2021.05.14 23:11"
"306","좀비 파이트","2021.05.14 23:09"
"307","나를 바꿔줘","2021.05.14 23:02"
"308","어글리후드","2021.05.14 23:05"
"309","지옥급식","2021.05.14 23:01"
"310","반드시 해피엔딩","2021.05.14 23:02"
"311","갓핑크","2021.05.14 23:10"
"312","동트는 로맨스","2021.05.14 23:10"
"313","피라미드 게임","2021.05.14 23:06"
"314","중매쟁이 아가 황녀님","2021.05.14 23:11"
"315","두번째 생일","2021.05.14 23:07"
"316","2-3승강장","2021.05.14 23:06"
"317","공유몽","2021.05.14 23:05"
"318","왕년엔 용사님","2021.05.14 23:08"
"319","키스 식스 센스","2021.05.14 23:07"
"320","니나의 마법서랍","2021.05.17 22:00"
"321","단편.zip","2021.05.14 23:12"
"322","먹이","2021.05.14 23:07"
"323","남자주인공의 여자사람친구입...","2021.05.14 23:05"
"324","더 나우","2021.05.14 23:04"
"325","광해의 연인","2021.05.14 23:08"
"326","웰캄투실버라이프","2021.05.14 23:11"
"327","내게 필요한 NO맨스","2021.05.14 23:02"
"328","태백 : 튜토리얼 맨","2021.05.14 23:03"
"329","군주","2021.05.14 23:03"
"330","홍시는 날 좋아해!","2021.05.07 23:11"
"331","왕세자 입학도","2021.05.14 23:11"
"332","율리","2021.05.14 23:02"
"333","아가사","2021.05.14 23:01"
"334","저무는 해, 시린 눈","2021.05.14 23:05"
"335","꼬리 있는 연애","2021.05.14 23:12"
"336","동네몬스터","2021.05.14 23:07"
"337","압락사스","2021.05.14 23:09"
"338","팔려 온 신부","2021.05.14 23:05"
"339","좋은데 어떡해","2021.05.14 23:01"
"340","모두 너였다","2021.05.14 23:02"
"341","오늘부터 천생연분","2021.05.14 23:03"
"342","후아유!","2021.05.14 23:06"
"343","도사 가온","2021.05.14 23:04"
"344","손 잡아 볼래?","2021.05.14 23:03"
"345","안녕, 이바다씨","2021.05.14 23:10"
"346","아침을 지나 밤으로","2021.05.14 23:01"
"347","아테나 컴플렉스","2021.04.16 23:10"
"348","언플래시레슨","2021.05.14 23:09"
"349","친구의 비밀계정","2021.05.14 23:06"
"350","인간졸업","2021.05.14 23:07"
"351","누군가의 로섬","2021.05.14 23:08"
"352","함부로 대해줘","2021.05.14 23:09"
"353","어른의 계절","2021.05.14 23:04"
"354","독립일기","2021.05.19 23:11"
"355","싸움독학","2021.05.15 23:07"
"356","약한영웅","2021.05.15 23:08"
"357","이번 생도 잘 부탁해","2021.05.15 23:02"
"358","열렙전사","2021.05.15 23:09"
"359","입학용병","2021.05.15 23:05"
"360","맘마미안","2021.05.15 23:07"
"361","소녀재판","2021.05.15 23:06"
"362","테러대부활","2021.05.15 23:05"
"363","닥터앤닥터 육아일기","2021.05.18 23:07"
"364","곱게 키웠더니, 짐승","2021.05.15 23:03"
"365","천하제일인","2021.05.15 23:08"
"366","오로지 너를 이기고 싶어","2021.05.15 23:01"
"367","나만 보여!","2021.05.15 23:06"
"368","동생친구","2021.05.15 23:01"
"369","살아남은 로맨스","2021.05.15 23:01"
"370","내일","2021.05.15 23:09"
"371","행성인간","2021.05.15 23:06"
"372","마법스크롤 상인 지오","2021.05.15 23:06"
"373","합격시켜주세용","2021.05.15 23:07"
"374","구름이 피워낸 꽃","2021.05.15 23:03"
"375","별이삼샵","2021.05.15 23:05"
"376","다이스(DICE)","2021.05.15 23:10"
"377","AI가 세상을 지배한다면","2021.05.15 23:01"
"378","로어 올림푸스","2021.05.18 23:01"
"379","판사 이한영","2021.05.15 23:04"
"380","벚꽃이 흩날릴 무렵","2021.05.15 23:03"
"381","강남도깨비","2021.05.15 23:07"
"382","가비지타임","2021.05.01 23:10"
"383","사람은 고쳐 쓰는 게 아니...","2021.05.15 23:07"
"384","학교정벌","2021.05.15 23:05"
"385","푸른불꽃","2021.05.15 23:06"
"386","호수의 인어","2021.05.15 22:00"
"387","굿 리스너","2021.05.15 23:10"
"388","가짜인간","2021.05.15 22:00"
"389","라일락 200%","2021.05.15 23:04"
"390","평행도시","2021.05.15 23:10"
"391","아르세니아의 마법사","2021.05.15 23:02"
"392","결혼까지 망상했어!","2021.05.15 23:08"
"393","데빌샷","2021.05.15 23:08"
"394","오른눈이 보는 세계","2021.05.15 23:10"
"395","두근두근 연극부","2021.05.15 23:02"
"396","잉여특공대","2021.05.15 23:09"
"397","조선여우스캔들","2021.05.15 23:04"
"398","오늘 밤만 재워줘","2021.05.15 23:03"
"399","라커, 오프너","2021.05.15 23:04"
"400","소녀 해미","2021.05.15 23:02"
"401","위험한 신입사원","2021.05.15 23:03"
"402","마도","2021.05.15 23:10"
"403","데이즈","2021.05.15 23:05"
"404","죽여주는 탐정님","2021.05.15 23:02"
"405","신이 담긴 아이","2021.05.01 23:10"
"406","샤인 스타","2021.05.15 23:04"
"407","스트러글","2021.04.24 23:05"
"408","호시탐탐","2021.05.15 23:08"
