"","웹툰목록","웹툰작가","총개수"
"1","바른연애 길잡이","남수",59
"2","여신강림","야옹이",59
"3","엽총소년","김칸비 / 홍필",59
"4","하루만 네가 되고 싶어","삼",59
"5","한림체육관","혜성 / 이석재",59
"6","랜덤채팅의 그녀!","박은혁",59
"7","사신소년","류",59
"8","신도림","오세형",59
"9","몬스터","이은재",59
"10","삼국지톡","무적핑크 / 이리",59
"11","호랑이 들어와요","배세혁 / 유은",59
"12","헬58","장성준",59
"13","달콤살벌한 부부","플라비 / 장그린",59
"14","오피스 누나 이야기","김자네 / 와삭바삭",59
"15","원주민 공포만화","원주민",59
"16","집이 없어","와난",59
"17","나는 어디에나 있다","김선권",59
"18","위아더좀비","이명재",59
"19","윌유메리미","마인드C",59
"20","하우스키퍼","채용택 / 유현",59
"21","오늘의 순정망화","손하기",59
"22","그녀석 정복기","강은영",59
"23","견우와 선녀","안수민",59
"24","플레이, 플리","이에프",59
"25","용왕님의 셰프가 되었습니다","문백경,옥 / 카라쿨",59
"26","성인초딩","미티",59
"27","아이레","설이 / Team 설이",59
"28","빌런투킬","퓨핀 / 은지",59
"29","급식러너","슬랭킷",59
"30","악인","광탄토 / 마두르",59
"31","프린스 메이커","수오수",59
"32","3cm 헌터","돌연변이",59
"33","아이즈","정썸머",59
"34","빅맨","하하영",59
"35","니나의 마법서랍","랑또",59
"36","올가미","해무리",59
"37","찐:종합게임동아리","소장",59
"38","은주의 방 2~3부","노란구미",59
"39","제로게임","즐바센",59
"40","대신 심부름을 해다오","고아라",59
"41","나타나주세요!","김기현",59
"42","숲속의 담","다홍",59
"43","별종","이무기",59
"44","연우의 순정","이솔",59
"45","열녀박씨 계약결혼뎐","김너울, 안젤리크 / 닷다",59
"46","오파츠","성진 / 부겸",59
"47","하나in세인","석한",59
"48","태시트","김다찌",59
"49","자판귀","윤정민",59
"50","조선홍보대행사 조대박","김양수",59
"51","빛빛빛","수진",59
"52","완벽한 가족","냥빠 / 주은",59
"53","안식의 밤","연제원",59
"54","언메이크","박화랑",59
"55","나의 플랏메이트","산삼",59
"56","도를 아십니까","이건 / 요엘",59
"57","풋내기들","신여름",59
"58","피로만땅","샤니",59
"59","인문학적 감수성","교날 / 번암",59
